通貨指定,商品指定,期間（国内約定日）開始,期間（国内約定日）終了,明細数
"すべての通貨","すべての商品","2021年07月02日","2026年08月03日","55"
国内約定日,通貨,銘柄名,取引,預り区分,約定数量,約定単価,国内受渡日,受渡金額
"2026年07月16日","米国ドル","スペース エクスプロレーション テクノ A SPCX / NASDAQ","買付","特定","10","134","26/07/21","1346.63"
"2026年06月23日","米国ドル","Direxionデイリー半導体株ブル3倍ETF SOXL / NYSE ARCA","売却","特定","50","299.5","26/06/25","14953"
"2026年06月23日","米国ドル","スペース エクスプロレーション テクノ A SPCX / NASDAQ","買付","特定","10","160.5","26/06/25","1612.94"
"2026年06月19日","米国ドル","スペース エクスプロレーション テクノ A SPCX / NASDAQ","買付","特定","10","175.33","26/06/23","1761.97"
"2026年06月03日","米国ドル","Direxionデイリー半導体株ブル3倍ETF SOXL / NYSE ARCA","売却","特定","50","254","26/06/05","12678"
"2026年05月25日","米国ドル","Direxionデイリー半導体株ブル3倍ETF SOXL / NYSE ARCA","売却","特定","50","193.5","26/05/27","9653"
"2026年05月12日","米国ドル","Direxionデイリー半導体株ブル3倍ETF SOXL / NYSE ARCA","売却","特定","50","186.4","26/05/14","9298"
"2026年05月07日","米国ドル","Direxionデイリー半導体株ブル3倍ETF SOXL / NYSE ARCA","売却","特定","100","165.5","26/05/11","16528"
"2026年04月23日","米国ドル","Direxionデイリー半導体株ブル3倍ETF SOXL / NYSE ARCA","売却","特定","100","105.49","26/04/27","10527"
"2026年02月05日","米国ドル","アップル AAPL / NASDAQ","売却","一般","100","275.43","26/02/09","27521"
"2025年11月20日","米国ドル","アップル AAPL / NASDAQ","売却","一般","80","270.8","25/11/25","21642"
"2025年10月09日","米国ドル","ST SPDRポートフォリオS&P500高配当株式ETF SPYD / NYSE ARCA","売却","旧NISA","45","43.69","25/10/14","1956.32"
"2025年10月09日","米国ドル","ST SPDRポートフォリオS&P500高配当株式ETF SPYD / NYSE ARCA","売却","特定","5","43.69","25/10/14","217.37"
"2025年10月08日","米国ドル","ST SPDRポートフォリオS&P500高配当株式ETF SPYD / NYSE ARCA","売却","特定","45","43.95","25/10/10","1967.97"
"2025年10月08日","米国ドル","ベライゾン コミュニケーションズ VZ / New York Stock Exchange","売却","旧NISA","100","41.655","25/10/10","4144.89"
"2025年10月08日","米国ドル","エクソン モービル ホールディングス XOM / New York Stock Exchange","売却","旧NISA","30","113.24","25/10/10","3380.39"
"2025年01月14日","香港ドル","超大現代農業( Chaoda Modern Agri.) 00682 / Hong Kong Stock Exchange","売却","一般","100","0.2041","25/01/14","20.41"
"2024年06月26日","米国ドル","ブロードコム AVGO / NASDAQ","買付","特定","1","1585","24/06/28","1592.84"
"2024年01月04日","米国ドル","バンガード　米国トータル債券市場ETF BND / NASDAQ","買付","特定","15","73.2","24/01/09","1103.43"
"2023年12月01日","米国ドル","バンガード　米国トータル債券市場ETF BND / NASDAQ","買付","特定","15","71.35","23/12/05","1075.54"
"2023年10月13日","米国ドル","バンガード　米国トータル債券市場ETF BND / NASDAQ","買付","特定","15","69.46","23/10/17","1047.05"
"2023年09月22日","米国ドル","アーム ホールディングス ADR ARM / NASDAQ","買付","特定","20","50.3","23/09/26","1010.97"
"2023年09月05日","香港ドル","紫金砿業集団 ( Zijin Mining ) 02899 / Hong Kong Stock Exchange","売却","一般","6000","13.3","23/09/07","79571.78"
"2023年09月05日","香港ドル","騰訊 ( Tencent ) 00700 / Hong Kong Stock Exchange","売却","一般","200","333.2","23/09/07","66449.41"
"2023年09月05日","香港ドル","中国石油天然気 ( PetroChina  ) 00857 / Hong Kong Stock Exchange","売却","一般","10000","5.89","23/09/07","58731.55"
"2023年08月28日","米国ドル","バンガード　米国トータル債券市場ETF BND / NASDAQ","買付","特定","15","71.02","23/08/30","1070.57"
"2023年08月10日","米国ドル","エヌビディア NVDA / NASDAQ","買付","特定","3","426","23/08/15","1284.32"
"2023年07月24日","米国ドル","エヌビディア NVDA / NASDAQ","買付","特定","2","450","23/07/26","904.45"
"2023年06月22日","米国ドル","インテル INTC / NASDAQ","買付","特定","30","33.5","23/06/26","1009.97"
"2023年05月18日","米国ドル","インテル INTC / NASDAQ","買付","特定","40","28.75","23/05/22","1155.69"
"2023年05月11日","米国ドル","インテル INTC / NASDAQ","買付","特定","40","29.75","23/05/15","1195.89"
"2023年04月12日","香港ドル","紫金砿業集団 ( Zijin Mining ) 02899 / Hong Kong Stock Exchange","売却","一般","4000","13.78","23/04/14","54962.36"
"2023年04月05日","米国ドル","Direxionデイリー半導体株ブル3倍ETF SOXL / NYSE ARCA","買付","特定","50","17","23/04/07","854.2"
"2023年04月05日","米国ドル","バンク オブ アメリカ BAC / New York Stock Exchange","買付","特定","50","28","23/04/07","1406.93"
"2023年03月17日","米国ドル","キャノピー グロース コーポレーション CGC / NASDAQ","買付","特定","300","1.98","23/03/22","596.94"
"2023年03月02日","米国ドル","キャノピー グロース コーポレーション CGC / NASDAQ","買付","特定","150","2.25","23/03/06","339.17"
"2023年02月27日","米国ドル","Direxionデイリー半導体株ブル3倍ETF SOXL / NYSE ARCA","買付","特定","50","14","23/03/01","703.46"
"2023年02月24日","米国ドル","インテル INTC / NASDAQ","買付","特定","30","25.98","23/02/28","783.25"
"2023年02月24日","米国ドル","Direxionデイリー半導体株ブル3倍ETF SOXL / NYSE ARCA","買付","特定","100","13.76","23/02/28","1382.81"
"2023年02月20日","米国ドル","Direxionデイリー半導体株ブル3倍ETF SOXL / NYSE ARCA","買付","特定","50","15.3","23/02/22","768.78"
"2023年02月15日","米国ドル","インテル INTC / NASDAQ","買付","特定","20","28.1","23/02/17","564.78"
"2023年02月13日","米国ドル","Direxionデイリー半導体株ブル3倍ETF SOXL / NYSE ARCA","買付","特定","50","15.48","23/02/15","777.83"
"2023年01月26日","米国ドル","インテル INTC / NASDAQ","買付","特定","30","29.46","23/01/30","888.17"
"2023年01月26日","米国ドル","Direxionデイリー半導体株ブル3倍ETF SOXL / NYSE ARCA","買付","特定","100","13.75","23/01/30","1381.8"
"2023年01月06日","米国ドル","Direxionデイリー半導体株ブル3倍ETF SOXL / NYSE ARCA","買付","特定","100","9.65","23/01/11","969.77"
"2022年06月01日","米国ドル","台湾セミコンダクター ADR TSM / New York Stock Exchange","買付","特定","30","95.25","22/06/03","2871.64"
"2022年05月30日","米国ドル","ロッキード マーチン LMT / New York Stock Exchange","買付","特定","6","447","22/06/01","2695.27"
"2022年05月19日","米国ドル","ST SPDRポートフォリオS&P500高配当株式ETF SPYD / NYSE ARCA","買付","特定","50","43.465","22/05/23","2173.25"
"2022年05月12日","米国ドル","ツイッター TWTR / New York Stock Exchange","売却","特定","20","47.5","22/05/16","945.3"
"2022年03月17日","米国ドル","ST SPDRポートフォリオS&P500高配当株式ETF SPYD / NYSE ARCA","買付","旧NISA","45","42.7784","22/03/22","1925.03"
"2022年02月15日","米国ドル","エクソン モービル ホールディングス XOM / New York Stock Exchange","売却","一般","20","78.9","22/02/17","1570.19"
"2022年02月15日","米国ドル","マイクロソフト MSFT / NASDAQ","買付","旧NISA","10","292.6","22/02/17","2940.48"
"2022年01月04日","米国ドル","ツイッター TWTR / New York Stock Exchange","買付","特定","20","43","22/01/06","864.25"
"2021年12月21日","米国ドル","リビアン オートモーティブ RIVN / NASDAQ","買付","特定","10","90","21/12/23","904.45"
"2021年12月21日","米国ドル","リビアン オートモーティブ RIVN / NASDAQ","買付","特定","10","94","21/12/23","944.65"
